Page URL, Custom Label
https://digiflowlocal.local/autos/mercedes-benz-a-180/, LowAdSpendCars
https://digiflowlocal.local/autos/ford-focus-2/, LowAdSpendCars
https://digiflowlocal.local/autos/ssangyong-actyon/, LowAdSpendCars
https://digiflowlocal.local/autos/ford-focus-4/, LowAdSpendCars
https://digiflowlocal.local/autos/mercedes-benz-230/, LowAdSpendCars
https://digiflowlocal.local/autos/bmw-325/, LowAdSpendCars
https://digiflowlocal.local/autos/jeep-cherokee/, LowAdSpendCars
https://digiflowlocal.local/autos/citroen-c3-picasso/, LowAdSpendCars
https://digiflowlocal.local/autos/bmw-318-2/, LowAdSpendCars
https://digiflowlocal.local/autos/volvo-s60-2/, LowAdSpendCars
https://digiflowlocal.local/autos/renault-kadjar-2/, LowAdSpendCars
https://digiflowlocal.local/autos/renault-clio-2/, LowAdSpendCars
https://digiflowlocal.local/autos/mercedes-benz-b-electric-drive/, LowAdSpendCars
https://digiflowlocal.local/autos/citroen-c3-2/, LowAdSpendCars
https://digiflowlocal.local/autos/peugeot-5008-2/, LowAdSpendCars
https://digiflowlocal.local/autos/volvo-v40/, LowAdSpendCars
https://digiflowlocal.local/autos/suzuki-swift/, LowAdSpendCars
https://digiflowlocal.local/autos/citroen-c3-3/, LowAdSpendCars
https://digiflowlocal.local/autos/bmw-316/, LowAdSpendCars
https://digiflowlocal.local/autos/citroen-c5-aircross/, LowAdSpendCars
https://digiflowlocal.local/autos/fiat-ducato-2/, LowAdSpendCars
https://digiflowlocal.local/autos/audi-r8/, LowAdSpendCars
https://digiflowlocal.local/autos/jaguar-i-pace/, LowAdSpendCars
https://digiflowlocal.local/autos/mercedes-benz-marco-polo/, LowAdSpendCars
https://digiflowlocal.local/autos/mercedes-benz-c-63-amg/, LowAdSpendCars
https://digiflowlocal.local/autos/opel-crossland/, LowAdSpendCars
https://digiflowlocal.local/autos/ford-puma/, LowAdSpendCars
https://digiflowlocal.local/autos/renault-twingo-2/, LowAdSpendCars
